{
  "model_name": "linear_regression_demo",
  "model_version": "v2.0.0",
  "trained_at": "2026-03-28T20:05:34.462190+00:00",
  "bias": 0.6478391344252956,
  "weights": [
    1.1805415944989177,
    2.48919190767164
  ],
  "training_summary": {
    "train_size": 160,
    "eval_size": 40,
    "num_features": 2
  },
  "evaluation_metrics": {
    "mse": 0.276246179704826,
    "rmse": 0.525591266769936,
    "mae": 0.4267368168383675,
    "r2": 0.9954399841756368
  }
}